{"avg_boat_height":1.0,"drag_ang_c":0.10000000149011612,"drag_c":0.05000000074505806,"floating_c":1.0,"light_amb_color":{"Rgba":{"alpha":1.0,"blue":1.0,"green":0.45807045698165894,"red":0.5847923755645752}},"light_amb_lum":1.899999976158142,"light_dir_color":{"Rgba":{"alpha":1.0,"blue":0.7201254367828369,"green":0.9514013528823853,"red":1.0}},"light_dir_lum":50000.0}